{
  "description": "Connection matrix for massive spin-2 on Schwarzschild interior",
  "operator": "H u'' + (H'+2H/r) u' + (m2^2 - 6H/r^2) u = 0",
  "H": "1 - 2M/r, M=1",
  "mass_formula": "m2^2 = 1.2807 * Lambda^2",
  "frobenius_center_exponents": [
    2.449489742783178,
    -2.449489742783178
  ],
  "frobenius_horizon_exponents": [
    0,
    0
  ],
  "Lambda_scan": {
    "Lambda_0.5": {
      "Lambda": 0.5,
      "m2sq": 0.320175,
      "eps": 0.0001,
      "delta": 0.0001,
      "M11": -7.531557992050981,
      "M12": -9.850854036492551,
      "M21": 1904675649415341.2,
      "M22": 2491208569206833.5,
      "det_M": -23432.0,
      "u1_end": 83.2034882329174,
      "u1p_end": 98461.57241714277,
      "u2_end": -2.1041550519975972e+16,
      "u2p_end": -2.490020784334974e+19,
      "ratio_M12_M11": 1.3079437278302073,
      "ratio_M22_M21": 1.3079437278318407,
      "regular_at_horizon": false
    },
    "Lambda_1.0": {
      "Lambda": 1.0,
      "m2sq": 1.2807,
      "eps": 0.0001,
      "delta": 0.0001,
      "M11": -62.96600009662025,
      "M12": -31.385624213627327,
      "M21": 1.5923638413350606e+16,
      "M22": 7937193574162423.0,
      "det_M": -2501696.0,
      "u1_end": 226.16419656081885,
      "u1p_end": 313357.4846441933,
      "u2_end": -5.71952622459305e+16,
      "u2p_end": -7.924580363941516e+19,
      "ratio_M12_M11": 0.4984535172230509,
      "ratio_M22_M21": 0.49845351722554604,
      "regular_at_horizon": false
    },
    "Lambda_2.0": {
      "Lambda": 2.0,
      "m2sq": 5.1228,
      "eps": 0.0001,
      "delta": 0.0001,
      "M11": -1861.7936947982657,
      "M12": -541.7301488549383,
      "M21": 4.7083391983108077e+17,
      "M22": 1.3699956670178069e+17,
      "det_M": 575733760.0,
      "u1_end": 3130.9299082179436,
      "u1p_end": 5390806.415953452,
      "u2_end": -7.917891254632498e+17,
      "u2p_end": -1.3632952582016435e+21,
      "ratio_M12_M11": 0.29097216859660563,
      "ratio_M22_M21": 0.2909721685959488,
      "regular_at_horizon": false
    },
    "Lambda_5.0": {
      "Lambda": 5.0,
      "m2sq": 32.0175,
      "eps": 0.0001,
      "delta": 0.0001,
      "M11": -40075176.04583492,
      "M12": -7639936.837058989,
      "M21": 1.0134714724142264e+22,
      "M22": 1.9320833491881063e+21,
      "det_M": 1.1891438156722995e+17,
      "u1_end": 30485212.616147578,
      "u1p_end": 74948892003.25026,
      "u2_end": -7.709484115927836e+21,
      "u2p_end": -1.8954018778947002e+25,
      "ratio_M12_M11": 0.19064013164461246,
      "ratio_M22_M21": 0.1906401316443197,
      "regular_at_horizon": false
    }
  },
  "convergence_test": [
    {
      "eps": 0.01,
      "delta": 0.01,
      "M11": -54.91202834539481,
      "M12": -29.88869179372645,
      "ratio": 0.5443013615473752
    },
    {
      "eps": 0.01,
      "delta": 0.001,
      "M11": -61.81172204594361,
      "M12": -31.177367643743594,
      "ratio": 0.5043924778631791
    },
    {
      "eps": 0.01,
      "delta": 0.0001,
      "M11": -62.80990462303072,
      "M12": -31.30781787630681,
      "ratio": 0.49845351723121495
    },
    {
      "eps": 0.001,
      "delta": 0.01,
      "M11": -55.03610761393431,
      "M12": -29.956228308531927,
      "ratio": 0.5443013615473682
    },
    {
      "eps": 0.001,
      "delta": 0.001,
      "M11": -61.95139186853031,
      "M12": -31.24781605165213,
      "ratio": 0.5043924778633618
    },
    {
      "eps": 0.001,
      "delta": 0.0001,
      "M11": -62.951829941275655,
      "M12": -31.378561049839096,
      "ratio": 0.4984535172227789
    },
    {
      "eps": 0.0001,
      "delta": 0.01,
      "M11": -55.048495978151486,
      "M12": -29.962971312042864,
      "ratio": 0.5443013615473716
    },
    {
      "eps": 0.0001,
      "delta": 0.001,
      "M11": -61.96533683009969,
      "M12": -31.25484978537512,
      "ratio": 0.5043924778634151
    },
    {
      "eps": 0.0001,
      "delta": 0.0001,
      "M11": -62.96600009662025,
      "M12": -31.385624213627327,
      "ratio": 0.4984535172230509
    },
    {
      "eps": 1e-05,
      "delta": 0.01,
      "M11": -55.049734621949575,
      "M12": -29.963645507548406,
      "ratio": 0.5443013615473674
    },
    {
      "eps": 1e-05,
      "delta": 0.001,
      "M11": -61.96673110941268,
      "M12": -31.255553049379277,
      "ratio": 0.5043924778635224
    },
    {
      "eps": 1e-05,
      "delta": 0.0001,
      "M11": -62.96741689174099,
      "M12": -31.38633042016895,
      "ratio": 0.49845351722353537
    }
  ],
  "robustness_tests": [
    {
      "Lambda": 1.0,
      "m2sq": 1.2807,
      "eps": 0.001,
      "delta": 0.001,
      "M11": -61.95139186853031,
      "M12": -31.24781605165213,
      "M21": 1978200420717.6672,
      "M22": 997789411916.5642,
      "det_M": -26.9609375,
      "u1_end": 154.29507611866907,
      "u1p_end": 30933.652507950177,
      "u2_end": -4926872105481.29,
      "u2p_end": -987757700996418.5,
      "ratio_M12_M11": 0.5043924778633618,
      "ratio_M22_M21": 0.5043924778635818,
      "regular_at_horizon": false
    },
    {
      "Lambda": 1.0,
      "m2sq": 1.2807,
      "eps": 0.0001,
      "delta": 0.0001,
      "M11": -62.96600009662025,
      "M12": -31.385624213627327,
      "M21": 1.5923638413350606e+16,
      "M22": 7937193574162423.0,
      "det_M": -2501696.0,
      "u1_end": 226.16419656081885,
      "u1p_end": 313357.4846441933,
      "u2_end": -5.71952622459305e+16,
      "u2p_end": -7.924580363941516e+19,
      "ratio_M12_M11": 0.4984535172230509,
      "ratio_M22_M21": 0.49845351722554604,
      "regular_at_horizon": false
    },
    {
      "Lambda": 1.0,
      "m2sq": 1.2807,
      "eps": 1e-05,
      "delta": 1e-05,
      "M11": -63.097507397435656,
      "M12": -31.399399024328904,
      "M21": 1.2644498241629587e+20,
      "M22": 6.292319017381222e+19,
      "det_M": 51158974464.0,
      "u1_end": 298.40907646883227,
      "u1p_end": 3139256.0034225145,
      "u2_end": -5.98000332861153e+20,
      "u2p_end": -6.290948510020362e+24,
      "ratio_M12_M11": 0.49763295444543987,
      "ratio_M22_M21": 0.49763295443902766,
      "regular_at_horizon": false
    },
    {
      "Lambda": 1.0,
      "m2sq": 1.2807,
      "eps": 0.001,
      "delta": 0.0001,
      "M11": -62.951829941275655,
      "M12": -31.378561049839096,
      "M21": 2010145901787.256,
      "M22": 1001964294878.5968,
      "det_M": -112.3203125,
      "u1_end": 226.11329954014633,
      "u1p_end": 313286.9652489682,
      "u2_end": -7220135186463.236,
      "u2p_end": -1.0003720461615856e+16,
      "ratio_M12_M11": 0.4984535172227789,
      "ratio_M22_M21": 0.49845351722366654,
      "regular_at_horizon": false
    },
    {
      "Lambda": 1.0,
      "m2sq": 1.2807,
      "eps": 0.0001,
      "delta": 0.001,
      "M11": -61.96533683009969,
      "M12": -31.25484978537512,
      "M21": 1.5670578031576022e+16,
      "M22": 7904121682899233.0,
      "det_M": -37440.0,
      "u1_end": 154.32980720127017,
      "u1p_end": 30940.615524964243,
      "u2_end": -3.90288734002506e+16,
      "u2p_end": -7.82465414911554e+18,
      "ratio_M12_M11": 0.5043924778634151,
      "ratio_M22_M21": 0.5043924778634538,
      "regular_at_horizon": false
    }
  ]
}