{
  "1000": {
    "N": 1000,
    "M": 30,
    "time_s": 36.17481589317322,
    "R_full": 0.9962185080215316,
    "R_decomp": 1.0037702546209877,
    "R_approx": 1.003770254620988,
    "diff_decomp_full": 0.007551746599456122,
    "frac_correction": 6.463063829586691e-06,
    "agg": {
      "CJ_full": {
        "mean": 0.013414877422540161,
        "se": 0.0015132349999777937,
        "std": 0.008288329442941672
      },
      "CJ_decomp": {
        "mean": 0.013516567718536546,
        "se": 0.0015182374495424757,
        "std": 0.008315728987635254
      },
      "CJ_approx": {
        "mean": 0.01351656771853655,
        "se": 0.0015182374495424755,
        "std": 0.008315728987635253
      },
      "M_mm": {
        "mean": 0.0052276447307118825,
        "se": 0.0006222710964832039,
        "std": 0.0034083191642732442
      },
      "M_pp": {
        "mean": 0.004553081244872997,
        "se": 0.0008784893516751866,
        "std": 0.004811684344405885
      },
      "M_mp": {
        "mean": 0.001867920871475834,
        "se": 0.00029254824723943883,
        "std": 0.0016023527417163908
      },
      "M_ss": {
        "mean": 0.006758283859268273,
        "se": 0.0007591187247712378,
        "std": 0.004157864493817627
      },
      "M_aa": {
        "mean": 0.0030224421163166067,
        "se": 0.0003618653983423813,
        "std": 0.0019820184145271477
      },
      "M_sa": {
        "mean": 0.0003372817429194421,
        "se": 0.0005580887060472704,
        "std": 0.0030567777339095986
      },
      "frac_correction": {
        "mean": 6.463063829586691e-06,
        "se": 4.013857392632871e-06,
        "std": 2.198480236553894e-05
      },
      "cross_term": {
        "mean": -6.076848499165334e-05,
        "se": 7.854177069851027e-06,
        "std": 4.3019099517972364e-05
      }
    },
    "M_mm_norm": 1.5528659025526244,
    "M_pp_norm": 1.3524875887563081,
    "M_mp_norm": 0.5548637635875091,
    "M_ss_norm": 2.0075405092419754,
    "M_aa_norm": 0.8978129820669574,
    "M_sa_norm": 0.100189156898158
  },
  "2000": {
    "N": 2000,
    "M": 30,
    "time_s": 96.52055740356445,
    "R_full": 1.0983351008040092,
    "R_decomp": 1.0990077516936758,
    "R_approx": 1.0990077516936756,
    "diff_decomp_full": 0.000672650889666615,
    "frac_correction": 3.464752175837164e-08,
    "agg": {
      "CJ_full": {
        "mean": 0.02738729780281753,
        "se": 0.0013148670088933597,
        "std": 0.00720182320890239
      },
      "CJ_decomp": {
        "mean": 0.027404070543868186,
        "se": 0.0013161733965284042,
        "std": 0.007208978588667986
      },
      "CJ_approx": {
        "mean": 0.02740407054386818,
        "se": 0.0013161733965284038,
        "std": 0.007208978588667985
      },
      "M_mm": {
        "mean": 0.009677270192243096,
        "se": 0.0008382214796984923,
        "std": 0.004591128126162229
      },
      "M_pp": {
        "mean": 0.0086070465814256,
        "se": 0.000985917377482372,
        "std": 0.005400091874834311
      },
      "M_mp": {
        "mean": 0.004559876885099746,
        "se": 0.00026468121538543405,
        "std": 0.0014497187221448565
      },
      "M_ss": {
        "mean": 0.013702035271934093,
        "se": 0.0006580866982642021,
        "std": 0.003604489294333993
      },
      "M_aa": {
        "mean": 0.004582281501734603,
        "se": 0.00035191734372659535,
        "std": 0.0019275306753635544
      },
      "M_sa": {
        "mean": 0.0005351118054087498,
        "se": 0.0007930437240649496,
        "std": 0.004343679367582755
      },
      "frac_correction": {
        "mean": 3.464752175837164e-08,
        "se": 7.035202382743005e-09,
        "std": 3.853339041642437e-08
      },
      "cross_term": {
        "mean": -7.729302384045319e-06,
        "se": 6.855469611551964e-07,
        "std": 3.7548953485381894e-06
      }
    },
    "M_mm_norm": 1.5523817805802635,
    "M_pp_norm": 1.3807015854864437,
    "M_mp_norm": 0.7314738203539984,
    "M_ss_norm": 2.1980155033873516,
    "M_aa_norm": 0.7350678626793554,
    "M_sa_norm": 0.08584009754691027
  },
  "3000": {
    "N": 3000,
    "M": 30,
    "time_s": 155.14375805854797,
    "R_full": 0.9867040352450929,
    "R_decomp": 0.9868214021926988,
    "R_approx": 0.9868214021926988,
    "diff_decomp_full": 0.00011736694760589028,
    "frac_correction": 1.3701079192397778e-09,
    "agg": {
      "CJ_full": {
        "mean": 0.035279854800272695,
        "se": 0.0020044188143368727,
        "std": 0.010978653993000647
      },
      "CJ_decomp": {
        "mean": 0.03528405128546175,
        "se": 0.00200456480746824,
        "std": 0.010979453630313553
      },
      "CJ_approx": {
        "mean": 0.03528405128546175,
        "se": 0.0020045648074682376,
        "std": 0.010979453630313541
      },
      "M_mm": {
        "mean": 0.012912835245730999,
        "se": 0.001102023856466097,
        "std": 0.006036033250953167
      },
      "M_pp": {
        "mean": 0.010021453899496406,
        "se": 0.0008961920646294397,
        "std": 0.0049086460965467186
      },
      "M_mp": {
        "mean": 0.006174881070117169,
        "se": 0.0004167621749008106,
        "std": 0.0022827004430808736
      },
      "M_ss": {
        "mean": 0.017642025642730874,
        "se": 0.00100228240373412,
        "std": 0.005489726815156777
      },
      "M_aa": {
        "mean": 0.005292263502496533,
        "se": 0.00034927406024382756,
        "std": 0.001913052815469627
      },
      "M_sa": {
        "mean": 0.0014456906731172962,
        "se": 0.0007869040067845125,
        "std": 0.004310050751070758
      },
      "frac_correction": {
        "mean": 1.3701079192397778e-09,
        "se": 1.7168760820287423e-10,
        "std": 9.403717585682322e-10
      },
      "cross_term": {
        "mean": -1.853368309494784e-06,
        "se": 1.0689851383033491e-07,
        "std": 5.855072738865241e-07
      }
    },
    "M_mm_norm": 1.4445803947378326,
    "M_pp_norm": 1.1211167458182787,
    "M_mp_norm": 0.6907942341073415,
    "M_ss_norm": 1.9736428043853975,
    "M_aa_norm": 0.5920543361707141,
    "M_sa_norm": 0.16173182445977696
  },
  "5000": {
    "N": 5000,
    "M": 30,
    "time_s": 205.39801335334778,
    "R_full": 1.0053463595958132,
    "R_decomp": 1.0053592411585242,
    "R_approx": 1.0053592411585242,
    "diff_decomp_full": 1.2881562710953531e-05,
    "frac_correction": 2.2100622514360745e-11,
    "agg": {
      "CJ_full": {
        "mean": 0.056604959364884196,
        "se": 0.0022924505105898245,
        "std": 0.012556268566142826
      },
      "CJ_decomp": {
        "mean": 0.056605684647595814,
        "se": 0.002292472898060956,
        "std": 0.012556391187372269
      },
      "CJ_approx": {
        "mean": 0.056605684647595814,
        "se": 0.0022924728980609566,
        "std": 0.01255639118737227
      },
      "M_mm": {
        "mean": 0.01907113888439232,
        "se": 0.0009617484265086424,
        "std": 0.0052677130784388295
      },
      "M_pp": {
        "mean": 0.01718764741541316,
        "se": 0.0011659601576090007,
        "std": 0.006386226794747284
      },
      "M_mp": {
        "mean": 0.010173449173895168,
        "se": 0.00048620211319416024,
        "std": 0.002663038649031217
      },
      "M_ss": {
        "mean": 0.028302842323797907,
        "se": 0.001146236449030478,
        "std": 0.006278195593686134
      },
      "M_aa": {
        "mean": 0.007955943976007573,
        "se": 0.0003032640883755212,
        "std": 0.0016610458208451318
      },
      "M_sa": {
        "mean": 0.0009417457344895831,
        "se": 0.0008220039569211799,
        "std": 0.00450230109564235
      },
      "frac_correction": {
        "mean": 2.2100622514360745e-11,
        "se": 3.5716155816521485e-12,
        "std": 1.9562544208078162e-11
      },
      "cross_term": {
        "mean": -2.7448295161956195e-07,
        "se": 1.654976804243849e-08,
        "std": 9.064681278321677e-08
      }
    },