{
  "T1_deSitter": {
    "CJ": 0.006635565542309832,
    "SE": 0.002090300319185016,
    "R_ratio": 0.2661114872039221,
    "time": 3.8052823543548584
  },
  "T2_convergence": {
    "time": 0.0030405521392822266
  },
  "T3_epsilon": {
    "results": [
      [
        0.5,
        1.4533303738756043,
        0.5113367794101564
      ],
      [
        1.0,
        1.131323120400366,
        0.21208956718621058
      ],
      [
        2.0,
        0.9846570332110683,
        0.16242817294824113
      ],
      [
        3.0,
        0.8885977018869662,
        0.12811249360555746
      ],
      [
        5.0,
        0.9290143824916061,
        0.09557844716005098
      ],
      [
        10.0,
        0.8932525944441205,
        0.072305273927092
      ]
    ],
    "time": 42.64096522331238
  },
  "T4_normality": {
    "W": 0.9877358963835045,
    "p": 0.8797223590535945,
    "R_mean": 0.9922283832140885,
    "R_std": 0.36109147032262867,
    "time": 25.562812328338623
  },
  "T5_interval": {
    "CJ_hasse": 0.02899532946861965,
    "CJ_interval": 0.0035326421866065357,
    "ratio": 0.1218348696616728,
    "time": 3.625706195831299
  }
}