{
  "1.0": {
    "CJ_mean": 0.011657372588921303,
    "CJ_se": 0.0006412810812919345,
    "sigma0": 2.942495823706265,
    "E2": 0.5,
    "CJ_over_s0_T4_E2": 0.007923459054727277
  },
  "2.0": {
    "CJ_mean": 0.044316213101195386,
    "CJ_se": 0.0023474259019662094,
    "sigma0": 2.942495823706265,
    "E2": 2.0,
    "CJ_over_s0_T4_E2": 0.007530378249675174
  },
  "3.0": {
    "CJ_mean": 0.09819378807675258,
    "CJ_se": 0.004805886802278487,
    "sigma0": 2.942495823706265,
    "E2": 4.5,
    "CJ_over_s0_T4_E2": 0.0074157596483345675
  },
  "5.0": {
    "CJ_mean": 0.27120038988756606,
    "CJ_se": 0.012232057498840203,
    "sigma0": 2.942495823706265,
    "E2": 12.5,
    "CJ_over_s0_T4_E2": 0.007373343070263978
  }
}