{
  "N": 2000,
  "eps": 3.0,
  "T": 1.0,
  "M": 20,
  "E2": 4.5,
  "C_AN": 1.611732379823855e-06,
  "N89": 859.505945175426,
  "V0": {
    "label": "V0: Standard CJ (log2, |X-mean|, strat)",
    "mean_cj": 0.022214198595221682,
    "se": 0.00250294807665597,
    "C_eff": 5.7434024795586345e-06,
    "ratio_to_Can": 3.563496366677405
  },
  "V1": {
    "label": "V1: No log (Y=pd*pu, |X-mean|, strat)",
    "mean_cj": 76251143341748.84,
    "se": 30382485285785.32,
    "C_eff": 19714463425.76514,
    "ratio_to_Can": 1.223184672130228e+16
  },
  "V2": {
    "label": "V2: No log keep +1 (Y=pd*pu+1)",
    "mean_cj": 76251143341748.84,
    "se": 30382485285785.32,
    "C_eff": 19714463425.76514,
    "ratio_to_Can": 1.223184672130228e+16
  },
  "V3": {
    "label": "V3: No centering (Y0, not |Y0-mean|)",
    "mean_cj": -0.049275439680747976,
    "se": 0.003060847278691004,
    "C_eff": -1.2739990651952917e-05,
    "ratio_to_Can": -7.904532297939725
  },
  "V4": {
    "label": "V4: X^2 instead of |X|",
    "mean_cj": 0.0871595208239033,
    "se": 0.011539697740312844,
    "C_eff": 2.2534785842998047e-05,
    "ratio_to_Can": 13.981716893632711
  },
  "V5": {
    "label": "V5: No stratification (single bin)",
    "mean_cj": 0.03147640985007903,
    "se": 0.0031440427322350748,
    "C_eff": 8.138114440888912e-06,
    "ratio_to_Can": 5.049296361334083
  },
  "V6": {
    "label": "V6: Raw product kernel (pd*pu weight)",
    "mean_cj": 155390075411417.5,
    "se": 34946308352947.926,
    "C_eff": 40175554413.59519,
    "ratio_to_Can": 2.492693881225241e+16
  },
  "V7": {
    "label": "V7: Proper-time kernel weight",
    "mean_cj": -1.796540874531856e-05,
    "se": 9.116746263149266e-07,
    "C_eff": -4.6448928909972815e-09,
    "ratio_to_Can": -0.0028819256528834635
  }
}