{
  "static_sch": {
    "mean_A12": 0.011224666999673895,
    "se_A12": 0.00046528363768751996,
    "d_cohen": 4.404484217239086,
    "mean_dk": 0.013921930828249737,
    "se_dk": 0.002766674784999859,
    "E2": 0.9600000000000002,
    "B2": 0.0,
    "elapsed_s": 426.86155128479004
  },
  "boosted_sch": {
    "mean_A12": 0.02451301719356438,
    "se_A12": 0.0009945255288896072,
    "d_cohen": 4.500079712857412,
    "mean_dk": 0.03247217118349822,
    "se_dk": 0.0044174269711435695,
    "E2": 2.2400000000000015,
    "B2": 1.280000000000001,
    "elapsed_s": 426.2712824344635
  },
  "kottler": {
    "mean_A12": 0.013098364947985114,
    "se_A12": 0.0006956647383997958,
    "d_cohen": 3.437608928762234,
    "mean_dk": 0.01522318798395695,
    "se_dk": 0.0027081306126039715,
    "E2": 1.0433333333333334,
    "B2": 0.0,
    "elapsed_s": 426.8264546394348
  },
  "pure_ds": {
    "mean_A12": 0.001779439320747821,
    "se_A12": 8.519803930513963e-05,
    "d_cohen": 3.8132295986783644,
    "mean_dk": 0.000470407299522065,
    "se_dk": 0.000602258711389739,
    "E2": 0.08333333333333333,
    "B2": 0.0,
    "elapsed_s": 426.0685546398163
  },
  "total_time_min": 28.433927746613822
}